time,temperature,precipitation,humidity,wind_speed,pressure,sea_surface_temp,decade
1970-01-31,-0.254928770483151,95.09654303834728,63.52043930639731,12.78414776734038,1018.4236307108747,2.288196534164417,1970
1970-02-28,-7.764717187874012,118.12865800638733,77.68576005852812,10.532877128158638,1009.9216643553195,-4.1786521901279245,1970
1970-03-31,8.144176719966893,124.02005894975542,78.61775282330588,9.009587925679455,1010.5153405725817,8.13718175007682,1970
1970-04-30,17.276945350883366,121.33987726298976,80.82473396199697,35.74991498745389,1000.824962407575,15.913649136535234,1970
1970-05-31,22.441462008202976,128.5945874873676,76.82690902171252,11.970243319974486,1008.9843820325851,19.748470553829755,1970
1970-06-30,28.206884459288798,168.24950529959867,82.31464357697236,11.161686354450161,1008.2267728031181,24.621138854545528,1970
1970-07-31,33.18102277464638,86.03808117052984,61.163170555558494,12.28405963516423,1002.6940306185139,30.06612683638268,1970
1970-08-31,30.163140950006746,78.79935507496607,51.83099736749429,51.19479024617341,1009.0613898540383,25.278707835727257,1970
1970-09-30,22.987921973131147,146.37113459168356,62.07831985444164,17.39581714481258,1016.6040500705701,20.255424083586302,1970
1970-10-31,17.13469726885979,42.86009175427357,48.19647351851118,17.211749908282133,1023.065353255077,16.27286853532961,1970
1970-11-30,8.210657770945597,71.03019152653704,49.71835430664518,18.494078443530267,1016.6062302145316,8.248413543327818,1970
1970-12-31,2.7569178872592457,123.39914347124318,61.04231135815912,26.08368262969869,1014.0316848315949,5.469967782294092,1970
1971-01-31,1.804102501052898,98.72647925747597,59.254457621157705,12.424239297971786,1016.8024157204853,3.986049323251789,1970
1971-02-28,0.5322489549783835,130.9997688225041,79.95335951134558,11.231079436278065,1006.2098931064553,1.8506868318470082,1970
1971-03-31,6.214633390524678,134.09356165691628,80.92399625646522,9.663591491616181,1012.7096292761929,7.134961674239728,1970
1971-04-30,15.32897904184444,128.17393556465396,85.41002512889342,8.726227062308556,1010.8082575879896,13.69949624612531,1970
1971-05-31,21.988240796690928,146.09974829848397,76.7357336398247,8.977429937588933,1006.1626848540626,18.953265985869468,1970
1971-06-30,29.273510668851035,410.1154904306419,95.0,10.13589851067967,1012.7476313323657,25.306650151313164,1970
1971-07-31,29.228383781229283,65.01804702998206,60.84294604453631,16.362847845528652,1016.0653689384485,26.393715954504852,1970
1971-08-31,33.30100748481858,48.31149939409671,49.80200435329246,15.088932686806462,1015.7496828794622,29.237162019682636,1970
1971-09-30,24.79285398203097,370.8664875350793,79.67574955408264,16.838016442643397,1024.2132283969881,21.816221100426972,1970
1971-10-31,14.493694507455237,13.664205988797047,41.1748272614352,20.976433400754097,1026.020204721397,14.219904561806104,1970
1971-11-30,7.171092253128016,27.813737051488413,49.61069335902936,18.45891530172112,1015.1405641133605,7.951768770835076,1970
1971-12-31,-0.8141635887805712,37.872818602283054,51.622299920616456,14.279676798065319,1017.7411228212334,0.4127547084753128,1970
1972-01-31,-1.7471081310286252,70.45069330772125,67.72842939364084,13.666750314019849,1013.684741335103,0.4862033998264516,1970
1972-02-29,1.0203752255544316,144.6088541158534,79.54612779753674,11.167697054581325,1013.2191621520683,2.757772503658373,1970
1972-03-31,4.41732993008465,94.40069718845984,81.70767453138942,11.727077599402786,1003.8224124248852,6.14321621360849,1970
1972-04-30,14.036556135077717,139.38730198067356,85.52565648807898,10.576394664465589,1001.9799483361179,12.776068507580497,1970
1972-05-31,19.935501881906003,103.60662706268513,83.7599519153056,10.88088362298677,1006.8843876638729,17.218269844996186,1970
1972-06-30,25.790754427958515,80.0118053895356,68.63234532891191,10.832682586368307,1014.8732313014531,22.596165976937368,1970
1972-07-31,27.27768887351652,49.91562916299846,61.923778605144825,15.269139479522645,1006.9683922007282,23.305811495617576,1970
1972-08-31,28.934211554945325,43.31220804287789,52.23256118791106,14.107627242003787,1011.8400896036846,24.888561868289354,1970
1972-09-30,20.674137880820926,29.48377152278078,50.7378349615065,15.811915496943044,1017.2886416533854,18.47460664634384,1970
1972-10-31,11.680575619491421,12.595483567202688,47.345910553727165,16.817811860840994,1019.2489201951478,11.038025164613574,1970
1972-11-30,7.116492516755551,22.49980769232932,45.849428028761885,15.623936501826742,1011.0609373662361,8.463740207686694,1970
1972-12-31,-1.282648810336632,57.322713377439584,50.94560812859627,14.535743929673542,1024.4504671753166,2.1053170365342315,1970
1973-01-31,-0.9535087475331716,481.75676532503644,95.0,49.469539749700914,1012.3068003765878,1.927521596340034,1970
1973-02-28,-1.9683942870469056,93.92508106517622,68.48516010666714,15.922721126057017,1007.5566533050261,-0.9916731617614154,1970
1973-03-31,4.72704962540616,93.90934541736755,83.84553075565906,9.262441278997326,1014.1410029784201,5.26806077048346,1970
1973-04-30,14.796762399877476,105.98389418086862,80.76397152254069,8.614452453159696,1008.5438285867301,13.694488224676226,1970
1973-05-31,23.409820219440586,134.74816590352805,82.95788502878442,9.192608352828792,1003.3483910867615,19.25083756807241,1970
1973-06-30,28.362482022599522,88.74348182103815,70.91519838215666,10.650682280136543,1009.7755855228371,23.989272244360194,1970
1973-07-31,30.260259584922412,109.48074248594426,64.8257384715206,12.073183123751754,1012.7427032270065,26.05506369255189,1970
1973-08-31,28.290225009296847,85.25156442610903,59.81934493083626,19.232301106505645,1024.1919857661278,24.27300074253423,1970
1973-09-30,21.343897401586425,55.49050650962759,48.66443965718195,15.944930648088196,1019.0401562959315,19.082038063116276,1970
1973-10-31,15.277987131076607,42.03562009679209,45.911935276144014,17.089468399489252,1013.7376189573756,13.117727015839723,1970
1973-11-30,8.442534080914864,54.913853483756405,46.069562259203366,15.483569826737495,1010.4888419555082,8.385801384158423,1970
1973-12-31,5.478406291038185,81.7167213324696,59.819386564544466,17.903224020438653,1024.3214085888853,6.504252833411812,1970
1974-01-31,2.6167862848425925,76.88570107627542,67.14078162940008,14.627257988278174,1009.0013709556313,4.10159020501397,1970
1974-02-28,1.6487650459864147,153.23807334355863,78.77516974563463,15.865741634822097,1012.2943453152036,3.676526898907438,1970
1974-03-31,10.412502931554986,134.44213118536237,86.81581400277155,11.578894210991358,1006.3727435529295,10.640861834842015,1970
1974-04-30,16.948842839891228,141.07655857231097,85.37204237758615,8.752899835500566,1002.8576982828309,15.233388696909651,1970
1974-05-31,24.066616365374525,138.62397165670308,85.76810924988752,9.10559951139173,1004.7123744995237,21.34938819875972,1970
1974-06-30,41.6278753113931,142.81048698736316,73.48763605038575,12.39277864716992,1016.855546815055,34.662305773358455,1970
1974-07-31,34.102887619000285,88.8092932473442,66.51589757388895,12.905468101127637,1005.6971828567844,29.066127439978402,1970
1974-08-31,37.192292607030176,414.2519220857282,89.68472901100283,15.670412591296314,1015.004066438813,30.909340108064377,1970
1974-09-30,23.594636995416966,33.727251586058784,47.422198140510694,15.476655877249577,1024.3962172188792,21.728049142154582,1970
1974-10-31,16.727164846203443,89.96528255515213,50.901167788844646,16.127766968360607,1014.5183027355465,15.16293643653817,1970
1974-11-30,9.989444184038327,41.27978794880484,48.08659507656236,16.99712053108493,1026.4474876395336,10.842710104213113,1970
1974-12-31,5.235636811581606,39.365983440475674,54.85490395960828,15.669751684983083,1021.3929615417311,6.437706304216041,1970
1975-01-31,0.7878950103560713,59.785361440953565,60.85352423230596,14.78424618611797,1014.2895339812172,1.9217861989598717,1970
1975-02-28,2.961330518226544,63.071125197153464,72.08416483690642,10.28304722153934,1006.4136136267769,4.569949693782451,1970
1975-03-31,6.780044891993635,89.03203315496857,82.16027911575688,9.975632722040572,998.9422067345455,8.071810525665184,1970
1975-04-30,13.846899397812,76.19513099974878,74.95751573472918,8.432454161750968,1008.4623128040038,13.01545488496759,1970
1975-05-31,24.060635192439435,111.07457463014937,78.32394943034441,8.731556547048502,1019.7409473680698,21.30773163582454,1970
1975-06-30,30.072861005824667,85.49176812821044,70.40060729712388,11.056946848545655,1009.6542311981028,25.617122957975674,1970
1975-07-31,29.658527628064867,40.664526394564504,57.35665755746549,12.356666994783387,1003.7933840574516,25.74610468363377,1970
1975-08-31,28.999015241415925,33.402128608945794,50.98176742390094,14.501497120751814,1019.2100361543374,25.389530744174454,1970
1975-09-30,22.306737370537736,19.25388903861536,48.59931682076753,16.22824706638896,1024.1508143835777,19.38233724513538,1970
1975-10-31,13.086934505975064,0.0,45.9070197565659,16.600557897305624,1016.3308767294093,11.606110855436329,1970
1975-11-30,6.920968377164409,15.920750733475455,45.48378346440464,15.647436116103249,1016.61962508131,8.567151101398084,1970
1975-12-31,3.0575077497980985,36.09734050854756,51.69989611244991,14.18843729018165,1013.1809329303426,4.929302604626272,1970
1976-01-31,-1.4103434419191778,52.46682002399735,64.21762955933697,12.42948144641777,1010.2598473323482,0.43359876216755033,1970
1976-02-29,2.9451205507117644,67.69646876842049,63.73922259933628,10.103764173192923,1008.0546936878691,4.531822246295855,1970
1976-03-31,2.1476416855450653,80.64079145387703,74.44971154665116,10.505342797936246,1001.6816430791089,2.5352504142976606,1970
1976-04-30,14.84242834207721,98.14399573086868,74.40960066934908,8.677464383018124,998.7340057376833,12.292285894533483,1970
1976-05-31,21.3150672174586,90.9605398528031,75.4487337618981,9.192200998174878,1006.8557107351367,19.91936024394912,1970
1976-06-30,26.341937890764413,101.44340321003867,71.90199116777094,10.806929103824952,1007.9975694303112,23.25719122482076,1970
1976-07-31,29.0910435417053,109.62558583978714,71.95361320082044,14.174136007430693,1010.728513371638,25.23467285777655,1970
1976-08-31,35.267008791624356,77.04906231795377,48.47903487191161,18.090217532933412,1017.3245133984224,30.39973279714985,1970
1976-09-30,21.528075342978344,44.01525538815155,46.717656775485295,18.310739868265042,1012.2347321098906,21.803365601518436,1970
1976-10-31,15.134361625563717,29.803823554973967,46.395007421727,18.60044787502685,1022.2222646149838,14.802765529447234,1970
1976-11-30,9.575151385023535,70.08983295798025,51.806025434089506,16.788915440421913,1017.7548548214204,8.823768894918983,1970
1976-12-31,-10.788131547858672,80.02307957091294,61.4420591185024,16.367069888171798,1018.1013825257492,-7.974806351823198,1970
1977-01-31,-14.112439798261557,123.01859967254728,69.33885671940642,13.609330420976894,1014.9010233048726,-8.446323227921713,1970
1977-02-28,1.941857179905073,113.80527528784515,76.55650994214548,10.487331721914888,1014.5573767618013,4.238362427308064,1970
1977-03-31,9.827406541634389,176.932066861225,81.72052067495446,9.003772488478425,1006.487031817632,10.321973847347865,1970
1977-04-30,16.702891980013447,136.5667791348114,82.24363032197932,8.70306781171639,1010.2328997058272,14.712010359291243,1970
1977-05-31,23.150420752396403,117.32243768953558,75.92557513396027,13.369706751766756,1004.3603792122221,20.810964913824304,1970
1977-06-30,30.414707757015385,105.36411949991235,76.30460636787328,11.58555867098665,1007.5261031739186,25.75309007061754,1970
1977-07-31,31.978272794071277,105.03830901895955,68.09957790686295,48.79633211903642,1012.441192469215,28.112843744073793,1970
1977-08-31,31.418579361823603,63.36894478689686,56.3264895857911,14.851005331035164,1020.765300429317,27.920989015276756,1970
1977-09-30,23.525326728973738,107.86488790813148,51.70009366947879,16.511638899533587,1022.9765171339085,20.385483176115365,1970
1977-10-31,16.647812454740126,59.936308217676235,44.62237380017958,16.26835595440143,1021.56772051042,16.22369809276444,1970
1977-11-30,9.067818543831507,54.81098015919599,49.66595562795977,15.839883588542062,1013.6807302259566,9.346136754715374,1970
1977-12-31,1.9418036663180853,68.97687728215843,53.935732997375524,17.513053643690238,1019.955342175128,3.946941503008057,1970
1978-01-31,2.4979363406214423,79.4989613874094,61.434191430272826,13.758175990051896,1008.581865714974,2.950642381544511,1970
1978-02-28,4.337095741215891,284.7776060048137,90.99740702529125,10.823567454860434,1004.308244512483,5.655448197736632,1970
1978-03-31,9.283531396906898,105.06698623030566,78.05897366583092,11.783491486944698,1000.2659453941101,8.886357607593785,1970
1978-04-30,16.224696778613893,160.25686160976477,84.96894288678641,8.566105357666387,1004.4695731126565,15.359464186102453,1970
1978-05-31,21.718770843947713,111.95323226461895,77.05113203820649,15.998028023416005,1012.0146775213373,20.54874681087918,1970
1978-06-30,28.435587625431467,115.9762154353321,76.98572760935635,10.845683241307709,1004.0562991299507,24.980086267798256,1970
1978-07-31,37.29164872156029,94.06678064394913,70.61616869918811,12.822898819204763,1021.2748242103148,31.11263505210169,1970
1978-08-31,35.19206174713888,43.32679789371896,53.256315059433476,35.893883010145146,1021.4298381493049,30.654822271133174,1970
1978-09-30,22.407001670207794,41.75689709578123,48.392564491194385,15.724573024571605,1012.4848225436521,20.247032332796408,1970
1978-10-31,15.423156989324978,0.0,43.148392540833726,16.23562465366776,1018.9645963113305,15.98540698858023,1970
1978-11-30,9.814116614151802,63.510448559342585,50.99892560933121,17.552946698087965,1014.6042667101362,10.054467660042196,1970
1978-12-31,1.430370787695262,73.04623918163726,53.80175702735245,18.160772688659442,1020.200934696086,2.6759166371769547,1970
1979-01-31,-10.334639704346909,65.294736871325,68.22618797013551,15.126258890941369,1007.934183261648,-5.651198782960424,1970
1979-02-28,0.4496477853275671,79.06187405901142,69.67073707011801,10.304223239630831,1000.7682452073117,2.2575757704175787,1970
1979-03-31,2.9043558987930345,87.46587660627,80.21702057218124,10.113374520265117,1004.3158530712243,4.387685510803847,1970
1979-04-30,13.003678712118385,123.6931180018747,85.49497803857815,8.22318544890633,1010.7184981462591,11.660162145394267,1970
1979-05-31,20.429421302828484,106.71334397572029,74.32078869985223,8.628603411760821,1004.9795860208819,18.24558919202006,1970
1979-06-30,38.32325657259665,68.54261752996081,69.81142592973042,12.136471870850766,1010.8614322797464,32.68324901606967,1970
1979-07-31,27.2601433149139,40.28819551836088,60.7317138903013,13.532091052759467,1015.0542110432907,23.705435711341618,1970
1979-08-31,25.9102874679384,20.441594002997054,51.475927573156675,14.171167379156902,1009.3055201844428,22.255520084406065,1970
1979-09-30,19.878835964499793,55.41316037250187,49.98681662117364,15.535230060203013,1015.297073335243,18.13365207587607,1970
1979-10-31,10.685649096132245,21.65615306258767,45.96952957477398,25.16220693540074,1020.8969042693213,9.80974134343233,1970
1979-11-30,6.704138806996724,40.96256780160927,47.61356083583284,15.525064014403352,1017.0048542379245,6.436115365178184,1970
1979-12-31,0.7201960701195278,49.504551983469526,55.0438446632071,15.175875063544488,1025.3845412704893,3.1437857926767747,1970
1980-01-31,-0.29933726659371085,53.385351889115064,61.732513744956165,13.404856330365725,1006.7194991357068,2.254730329194859,1980
1980-02-29,-0.67398054436975,74.22919514686976,68.39906641634016,10.249494793791081,1004.3136531875394,0.41473197995991806,1980
1980-03-31,8.481454823319828,104.06876434287453,80.02191524263608,8.90629804321481,1007.3833143634196,7.321519821509893,1980
1980-04-30,11.996489506206771,113.5453669726743,85.12856521305525,32.35892444866894,1001.7181721999725,10.790197968648162,1980
1980-05-31,22.721019634014066,110.90103350883273,83.93291409366014,11.404145719179777,991.469115256455,20.074176511632697,1980
1980-06-30,38.59661182494477,99.22188255347598,75.55950532211996,11.414826615360536,1018.5287302211431,33.800769119768226,1980
1980-07-31,28.371210481410287,152.83253374023968,75.81098000156712,14.031680078233936,1007.4826397355342,24.574772730878212,1980
1980-08-31,27.259647187957956,94.86147548743044,59.76672299622077,22.422820647603217,1019.6574728726682,23.19222891138394,1980
1980-09-30,23.02341615652295,60.981075886141696,52.22265275766055,18.386184286466644,1013.5130992260065,20.53760190848481,1980
1980-10-31,14.860997062388055,50.52584917424491,49.3873506816258,17.139600188246575,1016.5355199090295,13.79758475771078,1980
1980-11-30,6.013342327800135,57.29024024496099,48.5904892169958,16.646878821806915,1011.6630752539063,5.70586801627771,1980
1980-12-31,3.150026604669107,90.00495979583994,60.19970970476008,15.928715719459962,1013.1424126283143,3.4199709758003167,1980
1981-01-31,-0.38776254165996416,91.30648683617699,62.82922297372364,14.18943103242835,1009.6258131349794,0.6112319649797939,1980
1981-02-28,4.0592184782747704,134.54003576259862,78.52325514249053,11.389140088047151,1008.1832364280903,7.231256010546166,1980
1981-03-31,7.555244406804958,133.2322525168635,84.56380388259798,10.60639167335972,1004.0538599652497,8.732180677662859,1980
1981-04-30,18.813232283342387,196.01837690935284,94.27354870272856,8.047627611257605,997.6361508651809,16.57561297984562,1980
1981-05-31,22.824237506059216,120.0947995017325,83.97987012413456,9.658813374174375,1003.2948902205975,21.146003463110517,1980
1981-06-30,28.973059361237688,134.117413371918,80.62112064800229,10.654060518436093,1016.0764885190594,24.72400245886098,1980
1981-07-31,32.608590345253276,68.29640885273729,63.047842211256516,12.276627207507307,1019.4822305048369,28.947016593781605,1980
1981-08-31,27.41185319827389,310.21078655148045,79.00054706305545,14.209713535806236,1019.1175555149438,23.993727724274677,1980
1981-09-30,23.94731478354909,101.77502956571296,52.87737905362093,17.312707934841118,1023.0816624269393,20.630770827001434,1980
1981-10-31,17.867018138174767,55.980682792157296,47.91117845359023,17.48299718003358,1031.1409195612323,16.837470787202992,1980
1981-11-30,5.760865774881017,48.299552866449474,42.92689772153582,16.0490463155292,1022.6200896763661,6.718708278083762,1980
1981-12-31,-10.177525316086152,130.47329010083345,66.05547001540666,15.273344889445276,1020.0554400434285,-5.823406035125462,1980
1982-01-31,0.5092471245023775,65.07293064266943,63.15108879344911,13.355462498708986,1005.0104182027657,2.5798033181491893,1980
1982-02-28,-7.779324527962303,111.51777540977744,73.91825399922323,10.433848314900324,1003.2690231197353,-4.0594478040731,1980
1982-03-31,5.136640842423364,126.26323515711746,74.53834270146825,10.647538893203658,1005.739363703237,6.749755784408087,1980
1982-04-30,12.18542078565626,145.43655619932073,85.94330741775917,11.036630762535605,1000.7926499857399,13.815382107579143,1980
1982-05-31,22.123724499127302,74.9885051134892,76.4031998948058,11.671181163244126,1000.9107240383123,20.69801311974149,1980
1982-06-30,26.958723261661348,73.79673076837365,68.69723721237469,11.844968900332917,1004.4152510551351,23.742694737555517,1980
1982-07-31,28.594533847726098,60.7296903733215,60.56183748497971,13.433399075305529,1005.7085356779833,24.62714154626122,1980
1982-08-31,35.077312672383314,79.09647046751017,56.837051651999836,14.12589481367459,1012.8683090510713,29.90126220350506,1980
1982-09-30,19.156752055726223,27.87855672904184,44.53938533151434,16.14298252677936,1021.449455078404,16.32049820889262,1980
1982-10-31,12.79827529907206,43.59705124518778,47.581264972749125,16.195824306919327,1029.8045362990902,12.770255073300222,1980
1982-11-30,5.1983204416751265,1.6303792818091516,41.431537310733106,22.102773951506993,1023.7348734031028,5.346718200013427,1980
1982-12-31,-1.954889395235145,28.945869154166385,52.36294896478538,14.290236861878414,1020.0013792770491,0.13812503417247335,1980
1983-01-31,-0.20360843809782225,92.88182249969998,69.3321606727653,12.329219662764578,1004.7017775224524,2.373392211843342,1980
1983-02-28,-12.407406081633049,74.21374293603063,71.31473457783281,14.406866754157832,1009.4147705621472,-8.11578510834366,1980
1983-03-31,2.6263720486562834,94.45989844080191,80.00675570019905,14.298145895615178,1005.5541268828686,3.7072672465016243,1980
1983-04-30,12.924069897611574,147.23988410940296,87.1037015561707,10.90340765764724,1006.2696777069781,11.381271369204745,1980
1983-05-31,18.04756226206441,86.09796834611848,78.12523312881439,8.546737551099472,1004.083174237152,17.40231119549538,1980
1983-06-30,35.93911482854212,76.89471004582738,71.48881967289206,10.002694355986934,1017.1240411124808,30.084714370471392,1980
1983-07-31,38.178266132194274,52.39530461630918,60.025083446976566,12.949954417344918,1013.0763775814892,32.07391224419706,1980
1983-08-31,24.222448991987186,100.41612139562767,59.49363021648711,14.309557617476598,1017.5624593672769,19.94457565772266,1980
1983-09-30,21.627735520905087,66.64315853049767,49.3224190305713,15.501216151282962,1009.9261872912265,19.286299578477752,1980
1983-10-31,13.547529057847242,63.29762667619888,52.46562548868596,17.24749109236601,1020.2756493680562,12.571387337188547,1980
1983-11-30,6.927468510683252,41.365122972208866,50.076458889701584,21.195682656349394,1025.4823703507989,7.687461142121332,1980
1983-12-31,3.3293357222976994,45.890205983322595,49.22683633814038,14.782590675037982,1019.584591003668,3.7237632362721005,1980
1984-01-31,-1.6057780595581488,66.30624279339716,58.93465926771405,14.16434047669119,1002.02760085684,1.3027221871815895,1980
1984-02-29,-0.06992666954901106,146.01279465113203,78.20471439657928,12.112458660215605,1006.556022782417,0.472690222083898,1980
1984-03-31,5.499868483468541,137.2870546606534,82.02729018465241,9.114144882197719,1014.5345348472802,6.326152786788908,1980
1984-04-30,13.381330503523726,423.51343534085345,95.0,10.102075719690237,1004.0488797319257,12.79745502933065,1980
1984-05-31,22.24191429905352,132.48818396290721,84.68541504026513,9.013260593263702,1007.4848026092061,19.839750644607683,1980
1984-06-30,28.58803509615043,100.3736721715974,74.97661167459826,10.260234258184221,1016.894814954955,24.99663197384856,1980
1984-07-31,30.69994443081616,87.13818688576094,66.12204869631272,14.417188838842307,1012.0255404033765,27.190892892061623,1980
1984-08-31,38.903196804686125,56.94470659047115,59.02370252745095,14.240814791040311,1020.7526030034932,34.18231640772734,1980
1984-09-30,23.096874899460303,40.11441485231207,43.34433919341852,49.050361137211816,1021.7814789123636,20.35301357691789,1980
1984-10-31,17.844503161721942,71.5359119400713,48.95466667948244,16.405340144135497,1023.9208832064409,15.501328421265864,1980
1984-11-30,7.811515079410563,33.02432173764677,45.063458011740494,17.26760480733091,1021.6182629959244,8.697785889362656,1980
1984-12-31,6.799146151868679,50.675906942928506,58.36176814595064,15.05993048460491,1014.0546746815,7.215125413699591,1980
1985-01-31,1.6050235126778232,23.628085188192845,52.221929351044594,12.270234263988412,1010.5526789095533,4.295714579440002,1980
1985-02-28,0.5051255999155333,30.69037260738454,60.55907370885019,10.056477797005197,1004.5176283574176,1.9225271884347261,1980
1985-03-31,5.54906405464165,28.215584446545744,73.21163515127166,10.485498818883183,997.6626030272249,5.752842532807096,1980
1985-04-30,15.215606698312309,37.18555145522753,78.58253713985714,11.2876194643969,1011.0108439978277,14.287520359411989,1980
1985-05-31,21.45929438042648,33.193585040772724,75.11390039671261,12.226417133519487,1005.9092486411676,17.77510127135159,1980
1985-06-30,28.129095362711958,37.57202629204082,65.33796367672413,11.318316694617613,1014.756680542252,24.12933331916294,1980
1985-07-31,29.526646959758292,20.39036996894492,63.04131114592796,15.00525609981555,1020.6115855951455,25.357445106519958,1980
1985-08-31,26.428636045627403,16.450386201174716,46.932946912918894,16.23465547126804,1017.0506522193626,23.31928669312007,1980
1985-09-30,19.495857739334166,4.290728830359372,47.84276448903913,18.040655694813427,1013.1431649792297,16.799668514451174,1980
1985-10-31,10.706674282374587,2.152802298025594,38.39852112842341,17.356907342557008,1019.8003092707377,9.86173904808531,1980
1985-11-30,4.5230691149282025,1.246628205494471,42.55904045202207,17.471133552646066,1016.3525777890525,6.543986244499681,1980
1985-12-31,0.7086068132241705,6.962861076473602,51.59363148202442,17.274912713106573,1006.8781828899102,2.556116286910815,1980
1986-01-31,-2.528767192038094,14.361488716780867,53.51636769535148,13.014610905545542,1010.2691332531334,0.668695993491893,1980
1986-02-28,-12.812032616461721,31.545882890700838,71.53980635360988,13.27957673483611,1008.4189343100478,-8.683056014276147,1980
1986-03-31,4.448129347563123,22.116878438109072,70.60569083384652,10.328957158413894,1002.6306377538642,5.514942708113798,1980
1986-04-30,12.079882694779096,48.274010227366915,76.71598841280016,8.362806415700806,1000.9165801207981,11.835533697446648,1980
1986-05-31,17.525548555369216,30.50662813376735,76.0037107758498,8.585886223129897,999.4572658072079,17.418482770393986,1980
1986-06-30,24.461361810390102,24.75853678843967,64.07184773748247,10.90119777128488,1009.751601482512,21.3949949041749,1980
1986-07-31,26.259280800356134,55.867999380176045,65.24391664647906,13.582386042252502,1022.1171797494146,22.874409525308607,1980
1986-08-31,22.423940494813426,34.029577290658864,57.29853964699381,17.662918589774367,1023.1627953661817,20.817674818040132,1980
1986-09-30,19.20619830344623,14.910457157213797,43.00721442777241,15.736854040324827,1022.9648561887288,17.06110949196891,1980
1986-10-31,12.077638496435352,3.0071301702286646,45.881468351173694,19.2209403669209,1024.1444067057662,11.889814150486485,1980
1986-11-30,5.47241610814893,16.68685263217437,39.868466295643536,19.439782385181466,1019.0311912126836,7.186700251654369,1980
1986-12-31,0.09198933819123933,93.76088605170128,59.51609321702689,14.326656129991797,1007.742480399861,1.6129179731938392,1980
1987-01-31,-5.371470286211897,82.32884959898354,61.01759839581537,15.815611338720707,1010.9167304415855,-2.024806271782593,1980
1987-02-28,-2.4729570655809443,139.23454899650216,80.72097508384283,19.524482749356903,1003.9163430448208,1.4180749156512549,1980
1987-03-31,5.457045694352134,100.52310195556902,82.09317949172979,11.131284975925992,1006.6068545905251,7.10269099455223,1980
1987-04-30,13.24146916639964,103.45944846342907,88.04651048281193,11.07209315380961,1010.9264901863604,12.821121788867561,1980
1987-05-31,21.049825423902732,116.44236115103851,85.36619732597877,18.91133589346283,1015.698103980226,18.66040328965608,1980
1987-06-30,31.867128500174243,91.50848141381735,72.62057130938372,11.86017722528337,1009.0812070077545,27.010248175119525,1980
1987-07-31,38.4636784205632,90.70741753645743,62.29184160811107,12.73601029800809,1004.4211627585578,31.980393997861917,1980
1987-08-31,28.447708111775125,48.189193121922266,55.48162842311797,17.63453408675429,1017.069167287847,25.965865657392644,1980
1987-09-30,23.00755782526402,32.62566706293986,46.554944845844,17.370456001227478,1020.1321136744721,21.458423096507214,1980
1987-10-31,15.363737838253996,58.556317900428596,51.973355906858586,17.74070174584524,1024.147691574853,13.765298688570736,1980
1987-11-30,6.705126032962406,105.09809011593418,47.4838499631636,16.049184148314783,1019.5845402930862,7.634250424832436,1980
1987-12-31,3.0929612911872773,80.69192525525352,63.59623289753087,16.82391590049057,1017.0837487772108,4.563430231754871,1980
1988-01-31,-0.9772527353090097,382.1680060620216,95.0,12.17039101886396,1009.5896962105647,2.165730180812051,1980
1988-02-29,-6.365751435824005,112.47066221251058,72.76951106134058,15.161612675615405,1007.1893326770484,-2.786360190018124,1980
1988-03-31,7.321373252651744,128.03322789709966,84.45645828953855,9.324424934315575,1008.3856440889857,7.838843593537117,1980
1988-04-30,15.795863630813802,109.9554611226277,86.34790269249382,8.27341492551955,994.7041091970603,14.203342422814497,1980
1988-05-31,26.725654703632046,109.69569468198009,80.7623890707931,9.704005188448665,1004.2307243117757,23.6532180390063,1980
1988-06-30,25.97972679592599,137.02447706235895,72.36638998127448,10.086796264114398,1012.1837128029425,22.5052353799707,1980
1988-07-31,39.494118946951474,76.57443224239411,63.23391109822672,14.307993317674676,1020.9467002605832,33.77184311366506,1980
1988-08-31,26.303491805761713,91.17427713346402,61.19292741105696,18.6600258499072,1014.7502159274969,22.98201658104272,1980
1988-09-30,22.4325665627896,44.92455408574875,49.44868864863022,19.095341459260244,1025.5957928751352,19.648059746335566,1980
1988-10-31,17.143897045172828,37.6735449408164,44.753759051270805,16.272486070923627,1029.189702560423,14.936925017232808,1980
1988-11-30,7.942361728015205,30.6025452929978,50.45005217045832,15.734071969098181,1017.739717150888,8.765245584610003,1980
1988-12-31,0.544394566579081,64.15102927999182,57.587557211302276,17.357945600759457,1013.9462258543595,2.4695719263664913,1980
1989-01-31,-1.1409357994394767,88.35557725623724,67.73841750980053,17.1607465331782,1011.8257387606516,2.5171880448215607,1980
1989-02-28,2.7225954909939283,69.77999827298575,69.69924362327356,11.234854670012087,1008.3251947783882,3.3522005220930557,1980
1989-03-31,5.846713424530443,76.2816883096844,75.54885226996984,9.918081442238808,1011.2597064052983,7.177609293410748,1980
1989-04-30,14.509242060811358,75.92913591675874,73.94479341265543,8.766219839755466,1000.8640129913409,13.541276474227773,1980
1989-05-31,21.495442728313837,101.1527113962503,78.778541467164,13.029539251885087,1013.4936054317334,20.876160901312318,1980
1989-06-30,25.689468750149736,82.02702084091354,74.95924833962542,12.070728041368048,1004.726536310443,22.990752533768962,1980
1989-07-31,31.655163624859195,138.53078585858475,69.69047434450714,12.680061537454398,1006.4070420685788,27.583881765195425,1980
1989-08-31,27.16281166726776,33.34046205229851,53.619643950067776,14.709875396375132,1019.3468953170526,23.666167385835156,1980
1989-09-30,17.491444245866532,14.864484206605276,48.2779521946602,19.900590847339725,1025.8078572264733,15.43065855296073,1980
1989-10-31,13.146940974737555,17.01209869815791,44.267301161573634,41.32908132824679,1021.618971849509,12.766667013902788,1980
1989-11-30,4.247691486840126,24.12905318003558,47.28096641843681,16.243462028836674,1021.8281622571441,4.292311102162691,1980
1989-12-31,0.9404967664182973,29.743152023217966,47.847051243682095,15.616472761177276,1026.4948658197563,1.683370142266661,1980
1990-01-31,-3.583081376457144,42.39687377897186,59.71750200861958,12.320848043874383,1018.9454861298988,-0.05651435170211927,1990
1990-02-28,-0.5597575204970819,76.67113601979452,76.7918076600534,10.19323933285472,1008.8756919037273,0.14249467236708213,1990
1990-03-31,5.90176244365801,92.6845268680735,79.01434538100195,11.91368688911989,1003.6359697612222,6.465751108293738,1990
1990-04-30,14.028965610483443,100.12783849517749,87.14642404520275,12.496276935490105,1010.194044332407,12.383871295379588,1990
1990-05-31,18.559415401844195,117.2927657456269,78.99304194466332,12.005973455171468,1009.9358089294466,16.525555767563624,1990
1990-06-30,33.009206328650635,402.4923979422441,95.0,14.581073725322451,1010.8093185984856,28.555001304791986,1990
1990-07-31,27.528015210327293,51.19388811330733,60.412695815037324,13.610894420570512,1011.0802093478102,24.810056401033176,1990
1990-08-31,25.4951542798616,41.893025142202546,54.9059044415114,17.345374487098983,1016.332172189036,23.37023029567546,1990
1990-09-30,23.907482854595166,36.80135039574506,49.81473341446142,16.433256687161066,1018.9035683701482,20.390823708349078,1990
1990-10-31,14.66626202287929,411.39039039623873,84.38569630975519,18.194833176479964,1019.1599616376491,13.360240069002021,1990
1990-11-30,4.986095991033078,57.57061497906252,52.3308014109679,24.454139593169025,1016.6331106954439,9.230916890596028,1990
1990-12-31,3.0953688670374992,64.27238868237548,55.325589996810464,14.511663378532301,1018.0354839204823,4.27628334488171,1990
1991-01-31,3.2300931204147014,63.19333247243883,62.184923793948165,12.98826396995269,1009.4767568544868,3.878305859535037,1990
1991-02-28,3.9427598034112603,90.31702185941202,67.69360436936401,11.308035163538378,1009.5940717804984,4.581567232535857,1990
1991-03-31,5.935970287171867,136.9136317222965,85.03288379529637,8.832934334583076,995.2784491271477,6.553464296690029,1990
1991-04-30,15.305719295261186,126.03278275089214,84.55492286817164,8.169022342145524,1001.705490268107,13.930385545978181,1990
1991-05-31,25.729704397113352,128.3325853303048,82.05429324902708,47.91438080308552,1011.2671464768983,22.396267419134787,1990
1991-06-30,28.52989638650016,105.04397513218073,73.86564872432807,17.526720958370813,1004.2004001689737,24.806775866218878,1990
1991-07-31,32.50760007898694,80.79626457916478,64.40199675691386,13.037463805128466,1015.6618986941045,27.983353773355024,1990
1991-08-31,36.779248797381904,64.90983393882212,54.71458953797289,14.183462822114667,1012.6138127313159,30.659009840088572,1990
1991-09-30,23.3232036417731,57.918086751812204,47.64894619686447,15.600256255224613,1023.5062055883155,20.954027730343388,1990
1991-10-31,17.248482304011663,47.965738536775696,46.94626614554536,20.438661981396738,1019.212371930674,15.895623403113877,1990
1991-11-30,5.055946618262666,74.73994669220014,52.366322174503146,16.710650872997878,1017.9417294677083,6.442022631050073,1990
1991-12-31,2.9258507272779144,44.847849127280774,51.10261793037583,14.771405306068385,1016.9673592445871,2.9691173388422056,1990
1992-01-31,2.0637925868237272,63.3398739175377,61.560623000553676,13.29428854193494,1005.977309608836,3.776509464412164,1990
1992-02-29,2.526259737013586,94.80348202332999,72.79463082045588,10.766343214442758,1013.5537411308195,2.432530736889256,1990
1992-03-31,12.240389090781722,122.73206271604788,81.70548067797468,9.878809788094307,1012.281093606933,11.651854557044114,1990
1992-04-30,15.010678526046078,130.88975431834336,84.13117800610564,11.925898544685312,1002.8908147372474,14.534891855039325,1990
1992-05-31,23.824345025404988,95.17267866663364,80.91287706098335,10.33035244902547,1008.3826324390469,21.896099341605883,1990
1992-06-30,29.968349087548674,63.03711569825487,65.27198061685404,12.37261795016008,1012.5832108084675,26.242247321316544,1990
1992-07-31,33.715337583614115,55.07154907289401,57.50671896196437,12.907223588845879,1012.2312122383418,29.512582655125687,1990
1992-08-31,37.30770986513713,49.853215211153795,54.49001092412713,16.682686951387076,1011.1451068290032,31.606963922443736,1990
1992-09-30,25.28717702843038,23.989745731719744,44.023822733728394,17.661028723873184,1027.58379907522,21.822407406804338,1990
1992-10-31,15.787902984373899,29.62438179062006,47.037757412745385,16.25467153101816,1018.7214192531338,16.784528917518102,1990
1992-11-30,6.529630692520243,51.10631478414352,52.051551151331,17.164372026705145,1016.5653997545768,7.885432803508363,1990
1992-12-31,2.9398678903174167,30.127896629775933,52.63523461971936,14.593428133604371,1024.8756726196327,3.413507231081619,1990
1993-01-31,0.2832364455764016,44.22396217672801,57.6269804518787,15.260257698583576,1015.7308493933368,0.8388580192347286,1990
1993-02-28,0.8600464980047906,57.556140907132885,72.83920917797869,11.110034733432098,1009.9665485284382,2.315981639152972,1990
1993-03-31,7.145882022379832,67.09754378991529,76.71596351634875,19.010028812762627,1000.8962341934525,8.670200422950797,1990
1993-04-30,13.783160219635587,70.78378166178564,74.0359958982925,8.194124390841237,1008.6911036243995,13.065519498931485,1990
1993-05-31,21.885411464132865,75.15437459040763,72.72799077686263,11.567318741482637,1020.2303157232491,17.729113313417265,1990
1993-06-30,33.30880014864459,98.3609429201245,78.30397142194494,12.239886776243802,1013.077306837911,28.50520538036375,1990
1993-07-31,31.418456963914714,69.27363524546416,67.3971135806924,14.917720048499822,1015.1540535925736,27.132844330932933,1990
1993-08-31,25.148220733281335,27.16522207856176,44.08074065348504,14.734980135650511,1020.2779176861341,20.186042683052683,1990
1993-09-30,24.73286806149314,92.2970638411828,48.58090606905105,16.818863814578705,1017.9589228607291,21.805627370834667,1990
1993-10-31,11.16755399734168,9.970411079164272,45.833866577810014,19.18426228188012,1018.9818852409231,10.123348791800284,1990
1993-11-30,6.472982536941139,394.0090467739519,82.76861039403354,15.993442921629,1017.8449572905761,5.709948900922258,1990
1993-12-31,2.2383580338814455,89.46319689040266,59.96473763965634,14.512452592440074,1013.7930742971396,5.074292491237478,1990
1994-01-31,-0.04892372222411634,78.32333927734672,64.05865133913558,13.601691758810723,1010.9044423377867,1.1147792615927647,1990
1994-02-28,0.8224352717443698,80.32658550925711,73.90761722638992,11.482841990147108,1006.8799732980149,2.124120429030471,1990
1994-03-31,7.181361544066805,102.45583627467732,79.664252085037,9.199201053751445,1004.5127260774058,7.200622926400102,1990
1994-04-30,14.524897111484162,120.86440391668515,82.18370793775956,8.707859290087375,1003.2998042865439,13.621708689926772,1990
1994-05-31,22.169589842788273,96.41494382271193,82.21750480069987,9.186929800240204,1006.9488930918099,21.148720359875316,1990
1994-06-30,30.11982277203243,87.86502726505965,73.30137000205603,12.952543715561447,1009.0548447206688,25.1389087214372,1990
1994-07-31,31.69761129539583,69.31808887007877,65.29698401876702,14.110535941403532,1013.4965344897807,27.11264622475779,1990
1994-08-31,28.419138858658982,78.43821263629714,57.22347957709617,17.57255524500895,1024.270052631537,24.832000590148304,1990
1994-09-30,25.615878190209354,84.18127614041134,50.375295970764924,22.88006537877604,1019.9692818312654,21.79766915443988,1990
1994-10-31,17.51159276014955,65.96119446669674,52.82721303043654,17.285532930725843,1031.710704964004,15.750965084456757,1990
1994-11-30,11.033692411332353,80.08573254596638,52.488328167353856,15.602145676259322,1021.3467435219812,11.30255377446553,1990
1994-12-31,5.506023298753723,58.393711299142865,53.67876195760402,14.09857442722145,1014.4176372307712,5.800254649637784,1990
1995-01-31,1.5146148929973933,25.350629821268253,62.77389370944494,12.70100247898039,1019.400693973013,2.9407779074137714,1990
1995-02-28,-10.044582601183262,31.53716668911084,63.09439321919159,15.39257696476809,1008.2539840318294,-6.380749222482039,1990
1995-03-31,11.679706281179024,39.965981367755184,80.09828357340295,10.017269472857876,993.753838974017,11.26071968003575,1990
1995-04-30,19.062176112002437,35.0258340614302,74.36689311618136,8.634322053262622,1004.6292898463796,17.444262261300548,1990
1995-05-31,25.65854175017212,42.81744299732043,69.86914727293278,9.554774207401316,1004.4740657281528,22.9960820146232,1990
1995-06-30,40.55758355970697,43.84660259402906,74.00285439891532,11.82556930773348,1016.6797276721824,35.99611028933545,1990
1995-07-31,35.05621901227233,27.62953874199285,57.77312668467633,14.116570864290777,1008.1579999083315,27.918194064334493,1990
1995-08-31,30.150301980295232,15.551382530207912,51.183853167838414,14.33428156360209,1014.9814018355346,25.986328512871832,1990
1995-09-30,26.23288124338759,8.33942321931374,46.39492025028961,23.01138012196931,1025.9099186290962,21.89475613691632,1990
1995-10-31,17.43420664465966,5.161634537717287,45.46627335311412,17.573914770503514,1022.614403774732,15.639069315207006,1990
1995-11-30,9.700305002727108,3.84295342859138,44.69013584917477,15.755745279006424,1018.7121228091136,10.464937866736948,1990
1995-12-31,5.9425613470511784,12.731379607454377,48.227395163228266,18.48176217083426,1012.8576179639313,7.712283095354845,1990
1996-01-31,3.2546989983821164,17.577941311079105,58.810280684138185,12.155141465052006,1014.3976175232643,5.599530860160421,1990
1996-02-29,4.95789301973151,30.439085507917895,65.68077645338074,14.766190205185067,1008.4912257653903,6.9545484276655465,1990
1996-03-31,10.883525234681382,24.97268323083325,72.62880450308309,19.883757246753337,1001.8692245177626,10.567672130448765,1990
1996-04-30,16.14649172788285,27.869428467428083,79.06481713370867,10.410826343357611,1001.0561839600273,16.03601760207201,1990
1996-05-31,24.326644592535434,28.36608656294928,74.4874964932438,11.479142989637372,1001.6336954567582,22.73879550971302,1990
1996-06-30,28.023144795875776,24.95688562990623,67.00766463809192,10.822874320130683,1003.6703237830325,24.52955620033383,1990
1996-07-31,30.691102947891213,419.56060696122665,95.0,17.680086220762153,1017.302113244306,27.49467163956702,1990
1996-08-31,27.725177954006757,10.229308538914614,52.343820681536705,15.508828373282432,1020.627753830139,24.21313197801867,1990
1996-09-30,22.324927318364534,0.0,40.16595006180028,18.10053917015853,1024.236205141834,20.98812786713233,1990
1996-10-31,15.351088375306055,5.621461531550839,42.07657326983079,21.156880517316615,1020.6509699660648,14.151540110353999,1990
1996-11-30,5.543994389869606,1.6380801253917856,51.24957447235417,22.856310677652306,1018.3423741060896,5.947579126541137,1990
1996-12-31,4.27032682759139,19.244171179276947,54.450750167162994,17.58197181616742,1015.5042468579509,4.52026831785582,1990
1997-01-31,-2.495356405050778,53.47970486947402,60.22483945915889,12.721989972316784,1017.7305078645308,-0.13518835063074303,1990
1997-02-28,-0.8637267450590178,79.78311426478213,70.05516894337586,16.795258503157797,999.5231034826137,1.3765291594154276,1990
1997-03-31,8.163107287702795,183.36776012607248,85.80336666065335,10.51426397864375,1003.1220514381226,7.773803701061473,1990
1997-04-30,15.135191609425469,116.92306148185585,85.6763583153337,13.336961300060281,1000.1847996402557,13.908066520343848,1990
1997-05-31,22.448408725764846,104.71278598007379,84.66898029004035,10.790570323836143,1012.4916048730366,19.537487533075264,1990
1997-06-30,28.05048414368657,82.1599781109787,73.84620237201128,10.734140323096304,1006.2319253457272,23.57880687788485,1990
1997-07-31,29.24251593646227,50.66451051729155,61.920947084364585,12.924148775129982,1004.4381113783564,26.222720478412686,1990
1997-08-31,26.08288959124034,46.806604883051186,52.23050895399108,15.59911327945754,1017.7340163593819,23.8358345554769,1990
1997-09-30,22.259281149219955,25.835663573572262,46.96292483148088,18.585538464851506,1017.6933729965467,20.632571062009813,1990
1997-10-31,13.861495360325257,84.75106844535695,47.39566733394234,16.76540007384198,1017.8299392949085,13.021871655763007,1990
1997-11-30,9.09029798602745,52.998099987434365,42.8823635055941,17.19782299880991,1016.2414693725723,9.254332144508464,1990
1997-12-31,2.1795534451040455,92.77632248623745,63.06764607976717,14.848149375082018,1013.1148446227147,2.893104071491756,1990
1998-01-31,-0.5787901389722826,73.91015840517093,60.75242014579261,15.383134140677521,1016.1539126853944,1.8686742050152443,1990
1998-02-28,2.455326661086018,93.56408843227715,72.26005959413702,11.257447683741148,1009.7288905364932,4.099966693817311,1990
1998-03-31,9.308273490165258,136.87975319658173,85.02488215578569,8.695549972112367,1004.6907642878682,11.721776709352751,1990
1998-04-30,15.590650718325188,115.09737174655729,87.18989676572251,8.363169708007899,999.1164445046572,15.342202464272747,1990
1998-05-31,22.930346559814765,116.49491154329542,81.78732870693611,8.662000931062941,1004.8338116342663,20.596473189108497,1990
1998-06-30,35.58132803617708,160.29462439743006,76.32369957090071,11.383508086909622,1009.9084633620738,30.431774980147004,1990
1998-07-31,32.40376523787513,82.62862423315448,63.73349872393635,12.224853730198141,1014.0974389079638,28.724057419961884,1990
1998-08-31,29.401765227972653,50.389665493895166,51.87749153956513,14.24239263952359,1017.407431174218,24.788821246073706,1990
1998-09-30,24.061591299771003,32.436602565478715,46.51193287817381,21.126173888229534,1014.9170917479897,22.160983289428028,1990
1998-10-31,17.670566990058685,27.176162799142617,47.786162010085114,20.121711813960097,1008.5848114814844,15.266738791857108,1990
1998-11-30,7.660758932360256,83.46547323253907,44.11589835019514,16.667377670936858,1028.5258340675723,7.67938806011642,1990
1998-12-31,2.1967819056222213,53.45453546858194,52.98248748424893,22.509776184712774,1010.050195259087,2.2868819249742094,1990
1999-01-31,-8.429813463253653,169.73604495477997,71.89196456934513,12.000373091138568,1002.7724324288878,-4.25258979216365,1990
1999-02-28,3.78508910038027,140.9435374951069,74.1938842534078,11.903729377687872,1009.2486428798354,5.228014501314767,1990
1999-03-31,9.896825908804633,171.86023895077128,88.30199727723212,10.452355172380525,997.1241116609784,9.468274307230889,1990
1999-04-30,18.939365336144242,137.35917823707894,80.85941585777503,9.222924465875254,1000.5697562571256,16.408181236134737,1990
1999-05-31,25.27351726138619,116.78029097930605,77.13645852205919,9.547401996067354,1008.4086414913612,23.321791590469005,1990
1999-06-30,28.96759629581658,73.10141985474763,73.73038638834299,11.21534546484343,1017.4548715275554,25.06719388657073,1990
1999-07-31,30.893339308385862,62.866166629436115,67.1546730861933,13.072151606808234,1014.5278368191397,26.10083514709223,1990
1999-08-31,27.093645906221145,56.23182490750867,54.26054005683278,16.622317952310844,1014.3933240159857,25.212463095871335,1990
1999-09-30,22.751181597339308,46.42637025677779,44.3650210394165,15.754975143096598,1019.2590684212042,19.67529494255808,1990
1999-10-31,14.511089574100623,0.0,39.247596707693866,16.440393845261283,1011.543875769681,14.519765316443529,1990
1999-11-30,7.593200946222822,15.176532024693293,47.914842526022056,15.862267863848755,1017.2600908325979,7.153768305769799,1990
1999-12-31,0.04954612006350945,30.210401326578364,52.23322494878761,14.608898613964461,1014.3355827211061,1.7556799118852293,1990
2000-01-31,0.24458562645998017,48.28248318028205,60.88730763707782,13.489969325061773,1013.3499766440193,2.597501481473893,2000
2000-02-29,3.478469922296184,54.72686570379164,70.273316905369,10.235785764889785,1018.2931239893952,4.736506378153726,2000
2000-03-31,6.235973330371296,139.9040470031593,83.22859268731247,12.58837182467599,995.9688388445819,7.183789081507479,2000
2000-04-30,14.261493752398465,85.3895340889285,84.53618261823246,8.70582557747973,1002.5414730532386,12.978127125099569,2000
2000-05-31,21.988965077688846,70.34831003285278,74.13718013788863,8.890657133828643,996.4829527534689,18.312935140631403,2000
2000-06-30,31.90351992109099,128.16961290394568,74.08378736736188,12.251687296331191,1006.0607258300438,28.69527704436456,2000
2000-07-31,28.498853423013855,95.79178912291614,61.786827341114325,12.077661083806493,1008.2533781832989,24.416820036511833,2000
2000-08-31,26.091045812375583,37.00568379999255,50.937920011406185,15.935002611335591,1009.1034999439745,23.10404661432634,2000
2000-09-30,20.692090869086375,13.651857832856757,41.45549839666056,17.860072680703375,1024.0677374569982,19.115238688574962,2000
2000-10-31,11.894628120736021,0.0,42.01015217565345,16.483930474817267,1021.8511551859187,11.762709060037931,2000
2000-11-30,5.643270677927898,37.97431678956163,47.2251239240157,15.54984161531751,1023.4792406378051,5.947743528791746,2000
2000-12-31,0.9573388517731147,35.13640308305739,49.130950568908155,14.903998518575676,1013.9123327285145,3.6936830509799092,2000
2001-01-31,0.5106380663051815,66.49092227791408,64.77035262123704,12.207599535721531,1012.2158620655442,2.8194537930640404,2000
2001-02-28,1.9508953438947148,142.41094089087022,82.64468056239417,10.247677832851137,1016.5414902431188,3.719735195391955,2000
2001-03-31,9.43132238656321,97.64517031327344,80.1808665615802,9.122658217470086,1005.6253254238085,9.685525752119279,2000
2001-04-30,12.775241584440499,412.75838627933354,95.0,8.700442838812485,1008.6057549680194,13.566003142958046,2000
2001-05-31,22.97923601201591,131.14687084100788,88.41752559146188,10.045817348980771,1002.5493300709555,19.79933903421021,2000
2001-06-30,27.694228072994434,133.13960258914722,79.40510076026781,12.268843020701471,1012.1437441242284,24.48758712108975,2000
2001-07-31,32.97871865021718,81.41904881059892,70.36083529032048,13.796758906013292,1009.8179032009734,27.960071326893605,2000
2001-08-31,26.73759483551162,61.502844063706036,58.27143637007105,14.321183545408699,1007.0792307122941,21.841031223337296,2000
2001-09-30,21.459557215180094,48.04281371064608,52.03373333171604,15.841793682984864,1019.4504739758555,17.597458152253772,2000
2001-10-31,14.566875107439976,55.80816177910472,47.54420917507567,20.220119045894222,1018.207512064758,12.841790985970611,2000
2001-11-30,5.008097236399363,95.59287156539993,52.12891593512132,17.09858723045208,1011.3621668036596,5.479723256309654,2000
2001-12-31,2.1182966049410785,64.18419794453922,56.385066785123136,18.079485468705073,1017.5141772213291,5.432997083441554,2000
2002-01-31,-13.778656891878635,65.25682888378904,60.744836630667784,12.92898651476282,1008.087923130789,-8.464214766058037,2000
2002-02-28,3.4453219907073462,129.70162714839898,78.11661980612489,11.90590947103571,1024.0176045404617,5.386932009253413,2000
2002-03-31,9.32391939289795,123.33530896110295,73.78767327496446,10.019159515873508,998.302826343397,8.949472709318076,2000
2002-04-30,19.185773344025844,137.34344966582893,85.20656735192141,8.768748650565078,998.4874586210826,17.397680410836237,2000
2002-05-31,25.31449559025105,99.12024479155566,83.27916510147956,9.805335604411015,1009.9704782288892,24.096518859997815,2000
2002-06-30,28.487364267057654,93.13336090325785,73.43829858791916,11.396282769030561,1007.884659115318,23.818357274624073,2000
2002-07-31,29.94435142333907,98.37289918155014,71.36108044861021,12.448215468870378,1016.794622657422,26.32047217656511,2000
2002-08-31,29.907038347388877,39.69171598156848,52.018583306528555,14.756703165980692,1018.449408973193,27.214667291439312,2000
2002-09-30,21.54439116622933,49.6498123670942,51.32250634637948,18.59886857535948,1016.5629638869159,20.008267401361255,2000
2002-10-31,18.57996438753962,30.49061246303837,41.753510008312354,20.94884138709174,1013.6496769234908,18.305203201171885,2000
2002-11-30,9.875823751475748,192.90847586552366,65.52490092703583,16.356032466210994,1024.8276001153974,10.070951206402302,2000
2002-12-31,1.6568174226187034,32.54925324910879,52.79058014373382,14.733370567559502,1010.1005731461278,3.8082163582446413,2000
2003-01-31,-17.46314789882201,47.32039030889261,60.409963193056335,12.434315912993245,1015.3361964724876,-11.882698809625312,2000
2003-02-28,3.8127300518517626,80.74163237979698,64.18899809803712,12.26946053295348,1013.1355030455436,5.476860488793075,2000
2003-03-31,6.789565208851711,95.19743504216166,78.08278099437253,9.316360958327184,1004.9765596014265,6.69948703723863,2000
2003-04-30,16.001375332540164,88.2452641026716,80.79997778446854,16.804383436286294,1003.0174567660055,15.434978993187077,2000
2003-05-31,18.93716179970558,71.83140618141279,78.99404785248504,9.324013634184608,1000.6902032834565,17.38512808997811,2000
2003-06-30,25.611823245261743,80.57209132525179,76.57376195729582,11.00219963551574,1010.8495932131509,22.539586089213035,2000
2003-07-31,34.951587608384415,71.8265879545241,69.62076588257892,13.8493223137429,997.3050780668138,31.358383396960217,2000
2003-08-31,26.013204275132164,43.13830634445232,56.884947202398656,17.23579007857498,1020.1121965100986,22.598255100821913,2000
2003-09-30,19.529423315960592,78.8962426750769,49.54459232896829,16.732042627112698,1020.0579923425614,18.58979628046482,2000
2003-10-31,13.422292634818444,5.498604184426025,40.96637379958467,17.098634122945587,1019.4171715014016,13.783656985534561,2000
2003-11-30,3.2059627234261736,51.96922058598016,50.75351862021333,26.33367454134065,1020.6698071961874,5.24920568640931,2000
2003-12-31,-1.0375303885957352,19.849204644494737,52.37330060479949,14.02109817524713,1009.6611532255246,0.3978959525341481,2000
2004-01-31,-2.751552706794083,39.266809575979565,65.14056115213366,16.50883384160977,1000.4628143373986,0.08602047243925764,2000
2004-02-29,-0.20460074308384546,75.98037199646083,78.86435332769324,10.323017293986007,1010.8694957201402,3.4030988464381235,2000
2004-03-31,5.573200057411299,136.77323415058567,89.79669848459275,11.618758681491064,1012.179990593611,5.003717218179677,2000
2004-04-30,10.356015046172013,92.78094079711985,85.08666766213564,9.924311047434513,995.8272956958718,10.13468524150065,2000
2004-05-31,17.32356354921108,75.5881560367043,78.45896914584996,9.372534956215421,1000.3325445328906,16.788697655103423,2000
2004-06-30,27.15598163921814,104.74730284261,78.34807556723817,14.140962895300975,1012.2836152058779,23.632528831544406,2000
2004-07-31,27.911608875473945,64.89460095789832,67.7984587866708,12.025982500050981,1014.3152821330673,24.977197353958257,2000
2004-08-31,24.48078663247742,287.34773028335945,77.11685304182194,14.51415223816993,1031.3352182074593,22.711982128861237,2000
2004-09-30,22.671267967067013,25.742190900823168,44.30914187659584,17.13764161094598,1024.8250090929234,20.322619400172652,2000
2004-10-31,13.275646250382321,37.42864444390935,42.76319376053786,16.86631688638563,1024.6944834705764,13.027709416990291,2000
2004-11-30,7.649083717734502,24.464464987855525,43.14880911360062,17.34925550578847,1015.6254634340047,8.192763721051763,2000
2004-12-31,0.7832335529402973,117.06177150360655,56.38139461005409,14.048811204051509,1019.1390752782498,2.864831547928491,2000
2005-01-31,2.063344109545197,109.95038023594327,68.0652521339763,12.247635006558498,1019.9909572012658,5.332757235553174,2000
2005-02-28,3.9157657888241086,105.93221462701726,71.41377759802116,10.271859940039219,1007.6907776561172,5.081453836914768,2000
2005-03-31,6.694971675823136,141.22785715724174,81.08172031422426,8.955572453658432,1004.9972979751129,7.073454110302044,2000
2005-04-30,16.30891457073338,116.84368547896175,85.10656087512163,9.22989766522421,1005.2171842997013,15.880535039802513,2000
2005-05-31,23.584402678934055,148.4685188044537,84.69979134122335,11.32558961944353,1002.2585626216224,20.19318427735381,2000
2005-06-30,30.400302872842435,102.48870236054773,75.35478181876239,14.719133024667645,1009.8529194224682,25.82846513246176,2000
2005-07-31,29.120856374284305,81.26990992083654,68.53877959412182,15.608140233922649,1013.7268051358227,24.81000886426535,2000
2005-08-31,29.765052618912925,53.41948071549438,56.75118566908908,36.29281809248678,1023.9057191029405,25.607342477163908,2000
2005-09-30,24.97290356720302,61.21814123162066,54.00304623822669,16.627851947750454,1018.4858706473515,21.80856328186637,2000
2005-10-31,13.34624726968799,397.58339009772885,81.31252747713572,16.44481663772402,1023.8771149525397,13.236277487482797,2000
2005-11-30,6.766001456300587,87.41400635520667,56.89995589127533,16.07843445728055,1018.6326916351301,7.138911856833529,2000
2005-12-31,0.004633853838466706,45.94874000610113,54.486954387822244,15.400532850751546,1019.6999546163187,2.595277858458923,2000
2006-01-31,0.619160798254081,88.21915283389862,65.64020971637063,12.141078900912566,1011.2497077210406,3.186673202476691,2000
2006-02-28,4.036032402392425,127.07921061405983,80.90398088548645,10.492246982315153,1011.3662075273187,4.7060169624475074,2000
2006-03-31,10.589845375596413,112.07618901140563,77.89232568113341,14.014304114985796,1009.2106611003521,11.146041115435892,2000
2006-04-30,15.795930281243113,104.29196711341231,87.8100907303306,9.25515448050543,999.1632471124888,15.383479011361121,2000
2006-05-31,25.442209866693887,105.57098280090759,79.01057714866317,9.714866086998775,1011.0790442434476,20.945018744050426,2000
2006-06-30,26.204565133120763,119.71777788507701,72.12615730133291,10.029348595066715,1007.6618260282227,23.198436868795785,2000
2006-07-31,27.490072921808714,96.79821697134219,67.9483365363303,12.568442129464856,1010.1440720824248,23.58693185080624,2000
2006-08-31,37.34980461377798,36.66254148716443,51.34160415694587,18.024200443841757,1012.9418575897979,32.92229567528834,2000
2006-09-30,22.593663118602905,56.15851851998587,55.00951216510538,15.82385892916832,1020.9099453615074,19.661645546663472,2000
2006-10-31,14.192830964661345,13.612080293608,41.36843122270064,17.07271405282844,1020.4664748888158,12.282678247480542,2000
2006-11-30,3.365894613817881,37.51341196578355,48.009538097118444,15.492970785207442,1021.27066508391,4.668862237719243,2000
2006-12-31,-11.183118745081423,42.63363870750741,48.79112068512258,15.301461165805685,1018.4383724401112,-7.664072839344433,2000
2007-01-31,-3.510219442777035,42.42561622125865,62.985146673180196,12.042490392318514,1015.5290343378621,-0.12850734259131735,2000
2007-02-28,-13.55616817847876,54.53545844209997,66.92452348855063,13.42526325533203,1022.3663742844691,-9.491824541888437,2000
2007-03-31,6.056240358825513,114.52580305586022,82.8253888608235,12.02016646412331,1005.75405185268,6.830987127709789,2000
2007-04-30,11.420630629394632,130.77494932020568,83.09421819593159,11.099907300477645,1000.809771956026,12.373152845247038,2000
2007-05-31,19.41946861524686,92.0704277954071,72.3576843147232,9.202273053408227,995.4542115895148,18.414397789968795,2000
2007-06-30,23.99110357197819,69.27411767520107,71.1213521326915,13.630922929411554,1002.503740083121,21.57515422021371,2000
2007-07-31,27.437132024613444,34.53441458994013,60.01240265992479,13.566135603786645,1018.655909920431,23.84764344964894,2000
2007-08-31,26.940136561096853,63.65385585358161,57.80758151147678,14.93619683899633,1020.0776317931247,23.858426413846356,2000
2007-09-30,18.569603722892353,26.23481645345492,50.599389064902965,17.42752068091575,1012.6551248495523,17.406870140493925,2000
2007-10-31,13.380652987528721,12.682635055190252,48.303084051631366,16.024835658291376,1032.7967566494406,11.915240499450586,2000
2007-11-30,4.449811414504412,46.30800916144437,50.529780371707794,15.772645037175398,1021.0365626556203,6.2409189267426015,2000
2007-12-31,-1.2716425155012647,24.746190423004194,52.106680045971075,16.7118681732591,1018.7749632290315,0.10133074555332344,2000
2008-01-31,-2.050330827751055,50.92489506852218,57.105997721334084,12.559855387594796,1023.6933481219028,0.817696885808977,2000
2008-02-29,-1.1953290009543722,285.0265905644894,92.90353640600304,11.822651741085204,1017.1683434189559,0.15822447559678943,2000
2008-03-31,5.286112558514457,117.62204235546847,81.69152589626982,9.508498102767344,1009.4473915562928,7.799127041508058,2000
2008-04-30,12.114167835807748,403.66109320441024,95.0,11.859365952552848,1008.6148197041313,12.302007568595831,2000
2008-05-31,24.67239216536789,126.30334891677049,83.81235010549676,14.626386632873954,1010.1533148431714,20.49309350926555,2000
2008-06-30,27.59658334161189,127.99667727645507,79.9574216213986,14.300839537423283,1007.2615995266249,24.076525372305394,2000
2008-07-31,28.838870432846253,97.42954168612692,63.579084693388666,12.631120827010644,1013.8992422654987,24.653958711009295,2000
2008-08-31,28.53542806926714,121.73679960194067,58.462374769513396,14.431747255342575,1019.3357228407436,24.316560911588624,2000
2008-09-30,22.88498738374587,79.03136419929558,50.78483275530615,16.750664019503397,1018.7572532213463,20.42567272817143,2000
2008-10-31,15.538676819276626,44.44227686617498,43.88779909752235,16.014722355897575,1015.6347080069778,13.688546455686502,2000
2008-11-30,9.58904194557799,43.81923271185189,42.75634714592323,15.51639821368391,1018.0581993718803,10.280406168449941,2000
2008-12-31,4.586534213514291,66.06671655380444,52.404763540550874,15.611694192679085,1011.5198277012115,6.232950640410906,2000
2009-01-31,0.8877190852911772,104.06077063809622,62.996289272392325,39.595169484736,1012.7801961876947,2.99131508818653,2000
2009-02-28,3.0375675209273663,99.5604060268095,77.36787333198588,20.436053023119612,999.5548901658937,4.414450393909202,2000
2009-03-31,9.14890434687005,137.92892399181528,88.17754123478225,8.986795384608413,1007.2330078407807,9.846978106252028,2000
2009-04-30,13.737083809254372,138.5761695064802,81.85640889512621,8.597092223757901,996.2984886332703,13.622775452265886,2000
2009-05-31,22.502346057430493,103.42478677574174,81.25547814566961,8.776938385555336,1003.5081351734631,20.36581103533774,2000
2009-06-30,32.35665417146505,128.22425622991466,79.22667832387363,14.990956901434172,1010.9730516687006,26.83582411862785,2000
2009-07-31,34.77987791927745,86.134136463347,60.419616269384136,15.008456016361109,1016.4071224464512,29.193193444326756,2000
2009-08-31,29.882322243427417,110.83128431788163,60.34837981190946,17.455757332568826,1019.8120275258989,25.691409057548245,2000
2009-09-30,25.541945409103118,37.81550914127546,54.67333844754044,20.12532578531863,1020.9759468767188,21.25292360900274,2000
2009-10-31,17.517016219826246,24.454724728198862,45.757838721588065,17.48845988569908,1014.8515500904292,16.19281548252622,2000
2009-11-30,14.006644235341893,16.87795549582378,44.24174407406893,16.66411920793528,1024.2780042638685,14.334119554132409,2000
2009-12-31,5.385152300346967,28.38895946164213,49.937873131316,14.802124052827338,1010.9635950293264,7.309474133685248,2000
2010-01-31,1.2870022021250787,25.282312587383775,52.73968882093708,13.779368753792454,1017.9173235467164,3.621302676903963,2010
2010-02-28,1.818509979542215,38.44281855732815,69.03385069600026,11.2112926350058,1011.5818108244458,4.036977530731017,2010
2010-03-31,6.082659727071176,26.507324474247664,77.76201729342732,9.737273546667192,1012.3084339730519,8.638364206427646,2010
2010-04-30,16.040939652948023,27.08261261110123,71.54438898094499,13.526952374971083,1004.5653146423036,15.507842788101108,2010
2010-05-31,21.844552414993128,26.238349056239013,66.08352646242346,16.81017466783125,1001.4177910484841,20.21615048142518,2010
2010-06-30,26.085964617063507,29.927273296020417,64.77542487968222,13.184025132260963,1001.9753947866112,21.717639938181883,2010
2010-07-31,29.022024892961436,10.386282973106427,59.958103184940434,14.827397634898688,1006.5296033271356,26.283874949854166,2010
2010-08-31,26.142087038270994,9.821748371520009,48.47065602793699,16.282360123466002,1008.2524688495574,23.232467510861245,2010
2010-09-30,24.61186414292339,11.064263369387511,41.92792776223941,15.827324878439098,1024.0734030001436,21.625663837992573,2010
2010-10-31,15.740909160716743,5.577818570226663,41.887838918558195,16.12184920297244,1025.7711125429398,14.330616829318805,2010
2010-11-30,6.7784780573692816,0.0,43.97061905665442,17.811158980113593,1022.1295732269301,6.9839060965600295,2010
2010-12-31,3.430384745409908,13.395064157080851,45.94553942086617,16.609695842635183,1016.2665084025965,5.749729299016644,2010
2011-01-31,-0.7313889824409086,18.520934507015784,57.47075134291926,12.096224069608528,1022.7353527378684,1.3922016706413738,2010
2011-02-28,-0.13480096056704083,32.81503077873414,65.55951477469038,15.26361634314295,1007.9386557333283,1.482816384450169,2010
2011-03-31,8.971348964378702,40.498254054563006,71.38661350861838,8.727028216134036,1006.6046215511848,8.55984172771887,2010
2011-04-30,15.078367723044689,131.80703166649982,81.39801880817092,8.673466035802758,1004.1878257666878,14.199173214006038,2010
2011-05-31,20.340636383983565,95.47825669612132,81.62971149601408,10.767760046909498,1003.8061823633332,17.984821343812627,2010
2011-06-30,33.77363449038302,62.19426112927819,68.05330208734016,10.372352178508002,1011.5796409676739,28.548703150306693,2010
2011-07-31,28.45667318237389,61.821848768432474,56.46369133576597,12.114021083895143,1009.256127665088,23.659613770478735,2010
2011-08-31,25.92666671776039,48.901105884173205,54.44865192626145,14.804380420382325,1012.9195645711303,23.50881926181191,2010
2011-09-30,24.170033612577637,85.64748684721187,54.01491947344728,18.368727007185832,1022.7568464536186,21.2256082697023,2010
2011-10-31,18.439827551766005,22.076398483972817,41.08385063577826,17.067774620612113,1017.9320970560772,15.88367111579359,2010
2011-11-30,6.291633880008645,24.117814693260794,44.005976881791966,17.580806549602524,1020.0145948521329,6.816318190940609,2010
2011-12-31,4.069949473156082,51.688110129165054,51.98451994577095,15.733188134677643,1014.7111834752565,5.69526522329736,2010
2012-01-31,0.5723806914226288,70.21005626545035,62.24322119195005,12.044938061316554,1012.3589101755334,2.4809772504207523,2010
2012-02-29,3.159139024933051,84.75728196062057,75.55775994788189,18.937782874608352,1005.0490636669265,4.680106218162928,2010
2012-03-31,8.816196345334376,117.939635235261,80.70295382398186,8.62051977407179,1002.283204857831,9.086995682659747,2010
2012-04-30,16.219564507321824,127.68425415617395,86.54729836898095,14.871747700370955,1000.314533835393,13.954166984704594,2010
2012-05-31,25.37904439350896,102.51723448813918,76.59500748285764,10.132310216664534,1009.7004843560688,23.062042349417993,2010
2012-06-30,29.81507396197308,101.60859693142706,72.76849186187312,16.60228931640133,1009.270303800886,24.48546224127292,2010
2012-07-31,33.710563930941206,75.08400740772632,66.62845117134327,12.243778507968097,1017.0024763411903,29.337680404442118,2010
2012-08-31,31.41800662705085,68.72699442140963,53.21319778544696,15.34829178452165,1021.5354976375343,27.62686203883704,2010
2012-09-30,25.803227850390382,55.148963440141245,51.81754476411309,52.26839756458071,1017.0360390020044,22.46670731728896,2010
2012-10-31,17.4166192797014,32.10030325316263,42.580803702026124,16.104640015233308,1024.8141749219428,16.216033442805568,2010
2012-11-30,10.484784355509998,74.74816841879179,49.77467944518822,17.386307107983004,1019.262692213201,10.16611910901582,2010
2012-12-31,7.019273016400691,60.51319076052111,59.81634359890556,14.465840932337834,1015.6105676577888,7.907814575593445,2010
2013-01-31,4.609201541807085,66.31565541573909,61.5779509264369,13.77199361479057,1018.664613261082,6.481699268260792,2010
2013-02-28,4.337982115516325,75.67057776947178,71.75624305711658,10.238388145787969,1011.1704626844476,4.836684551304791,2010
2013-03-31,11.33812919170448,112.36144114609607,82.32828786641416,9.342792091470976,1003.7101384573689,11.609675240525426,2010
2013-04-30,19.671092785413517,120.43211057242192,83.97449598928685,11.0431522431192,1006.8432721331887,19.090792630241303,2010
2013-05-31,23.358979363240145,92.63229623124803,79.26983526514432,9.685032721004625,999.1413816570246,20.898835700619603,2010
2013-06-30,31.956305648975334,86.19338098720357,72.20008896091474,11.97635458045363,1009.6335556464388,27.162561139643138,2010
2013-07-31,31.918674959432252,106.35899373084752,62.97885739573149,14.085170693627068,1004.8978755790421,29.34552623881423,2010
2013-08-31,31.500315483151105,59.282880345389174,55.722137230089174,17.712660544810653,1011.472677796585,27.27121737775669,2010
2013-09-30,23.736476946965286,0.0,41.06050033300481,16.24995804712478,1022.2449202401395,21.17440548061453,2010
2013-10-31,14.393773925548356,1.2555214742983516,43.70044611600131,18.324993647930206,1007.041131123977,13.71691850806557,2010
2013-11-30,6.8785650431614505,13.693132893060332,48.74201437630589,21.984320707064693,1028.3319662293532,7.861142696608585,2010
2013-12-31,-5.014302203334966,30.7029327831858,46.3998249215406,16.620469929411435,1020.5625098998195,-2.282541719027161,2010
2014-01-31,1.6706232710120634,51.38445533741019,65.50537799905122,13.346181236575717,1003.1962232764403,3.488491305372988,2010
2014-02-28,1.6892705287887715,76.75693639479485,70.18733480246225,11.992386389762933,1020.3802245149479,4.1131634177804335,2010
2014-03-31,9.273283803909692,79.61502447623278,76.80315593197612,11.227607919093735,1018.8288903062287,9.119906226139948,2010
2014-04-30,13.1317784889231,87.29811215996871,77.23607450815497,9.894921856752156,1003.4829583717179,12.169427609437124,2010
2014-05-31,22.867532377042064,105.48500394345427,80.34701584356188,8.569531225289603,1000.8236107054823,20.060358321258732,2010
2014-06-30,26.52078791747668,74.42596942613797,71.38507835295253,10.433263343615652,1016.814619722866,22.338412079594,2010
2014-07-31,39.32335497222665,33.57333346748628,62.82944413898902,15.326397098686677,1010.6629937572432,32.912412408300064,2010
2014-08-31,28.29266468736526,33.746118974509294,49.89107993947735,14.636696753446387,1017.1859845761014,24.055267810980133,2010
2014-09-30,21.447495941504997,16.634208050598325,49.89540038158016,18.094373114277985,1025.3942815295188,19.157578734269578,2010
2014-10-31,14.711742415446759,0.0,43.23340124195528,16.930813112764504,1019.6109149032562,14.438310456922022,2010
2014-11-30,9.39100638903591,232.4047315408622,66.76156356622975,16.93990678406681,1018.1002467935072,10.675776388732308,2010
2014-12-31,1.6594015040284558,26.418397461349244,50.83735674858791,14.140787632889024,1010.0141825213815,3.3732720969762564,2010
2015-01-31,1.939875203161649,88.29216438304532,64.14668374659821,12.399893286757177,1009.22228452131,3.917075963672286,2010
2015-02-28,1.206513987983437,96.61766581907537,72.67421646393902,16.30229246619728,1007.0699933613123,3.1599262351129056,2010
2015-03-31,9.420640082506887,88.27237125546299,78.5586108139255,12.952959850335688,999.2516660097365,7.861760901840183,2010
2015-04-30,18.5469058977958,135.5836881974107,84.16646125402183,10.112687320832904,998.6318486867309,15.91921198874842,2010
2015-05-31,20.454065003299107,148.41296622688375,82.14448718184994,9.766954790706514,1005.6101737233148,18.972263435571076,2010
2015-06-30,28.74569500734309,93.92966856428171,73.65004816841174,12.252550568267282,999.1206922346028,25.68334414341014,2010
2015-07-31,44.668837765825714,78.20448369738438,61.54459299659112,13.927867126706138,1007.9722404774486,38.40355663275655,2010
2015-08-31,30.224983575103998,81.86826364605135,57.88654160619452,15.681217756008833,1026.0898681161332,26.03773727251249,2010
2015-09-30,25.881969078497676,84.30439850961261,51.00247778189204,15.586102277620563,1017.566600735316,21.10970769431736,2010
2015-10-31,17.191177912091458,25.053481466579406,45.826466524048755,18.003711459811402,1018.0109662923142,14.930122341129831,2010
2015-11-30,10.978561684918311,35.78844826929987,49.78591760750066,18.394084617039926,1017.5418999836273,10.08244307141692,2010
2015-12-31,5.350141130952669,59.34154915280866,57.62973335712091,24.259396740191587,1014.6915066112472,6.783127768034705,2010
2016-01-31,5.519698609646276,80.85251534427428,65.26840901894687,12.02228075359472,1015.2354554603033,6.129862010583745,2010
2016-02-29,-8.176910137381538,124.12592807228421,77.44523434144635,12.619951892185805,1010.8842844695928,-3.1892077034008963,2010
2016-03-31,12.050929537554603,154.349551878534,83.6845365937378,10.232178288923897,1003.4768010006983,12.81485430033229,2010
2016-04-30,18.50258189616957,161.30657820679562,89.39033586915822,9.138506777833532,1003.2884517731992,18.141024273912347,2010
2016-05-31,25.92035348175445,95.73735708519962,81.16168538585599,8.80884449975885,1011.9921438411562,22.00307239048898,2010
2016-06-30,31.47918114777622,86.86637984293571,67.71002061785967,11.052166694960453,1000.8038003017227,27.576057887934237,2010
2016-07-31,41.505558800979095,67.22208575883182,64.0819258124008,12.875079640624259,1012.0662565839227,34.82242776963298,2010
2016-08-31,31.332858983299122,41.74232169459872,57.00260279783757,14.72145167255262,1017.0292419610151,27.328584641225934,2010
2016-09-30,26.762047494886417,46.03725130156619,46.76775995038209,18.089294620205184,1015.3966407816317,22.76514700171397,2010
2016-10-31,21.75433552054616,40.72291857159211,43.571243245119526,18.41278827533968,1019.7750114269879,20.384393510478095,2010
2016-11-30,12.225964308533689,31.06289351877389,45.078215783769174,17.24252351282974,1014.7193579633033,11.151226206663843,2010
2016-12-31,4.686653784782685,40.921098064967566,48.29868525548234,19.58280318491001,1019.5342249831373,4.19153180808927,2010
2017-01-31,4.688669408599017,53.18822355507881,61.91728320188252,12.861117833690255,1005.6561889447007,7.377960179473743,2010
2017-02-28,3.98491661332995,72.25134551562748,71.0348454104383,10.558903899918938,1013.6577331269153,5.541930634318304,2010
2017-03-31,6.716801856956097,134.52424826175337,83.25300647571345,10.66956357391455,1005.0501783916841,6.518140074030376,2010
2017-04-30,15.440979482024101,108.17874105867006,83.28422961921571,8.443324450382915,1002.1035807028314,14.222966693563972,2010
2017-05-31,21.32525963914011,78.8604110526943,74.70017316074225,43.52816084426418,1000.3909038640458,18.598722035538582,2010
2017-06-30,28.778791668030795,66.51596794615196,71.18823115248794,10.508758801219493,1013.4947241651223,25.02762649186819,2010
2017-07-31,31.03996470677347,57.03691043680821,63.249629339789976,12.143321929049904,1009.0809671076079,27.474196434150635,2010
2017-08-31,42.63357165332715,9.811592140500709,48.231631893517005,17.51470149534316,1010.5028775728975,36.62348059698463,2010
2017-09-30,23.457815568717,398.48409575807165,84.33333594126974,16.051610674710172,1024.523482788279,20.96923567138041,2010
2017-10-31,14.908247203234842,20.786297089971235,43.53500857118596,17.281213840618644,1015.8152764880823,13.930800253235482,2010
2017-11-30,8.78474185448461,23.189544573462662,43.6485686308338,15.55266437702453,1018.7914398077012,9.890730089610097,2010
2017-12-31,-1.4246708555350382,369.7456358189616,86.53579976548654,16.403546891063584,1020.4285096194274,-0.6801032590975455,2010
2018-01-31,-9.098689519965165,38.97824254042115,59.23786767367756,12.80263046843562,1013.1231213472383,-5.878097770580482,2010
2018-02-28,2.856766643236991,48.858548129137326,70.6885318402078,12.730919653075548,1016.9864336552758,3.5024830479846596,2010
2018-03-31,4.942634552453007,105.13561620685235,78.99723029805084,9.599326471095226,1001.2280634468048,6.759113860364719,2010
2018-04-30,16.389800865298277,160.93726475269477,83.43452204633626,8.435704167722063,1003.2773044281124,14.520566599695846,2010
2018-05-31,22.73858970654587,78.78067050126815,77.87880693539385,9.975599849686617,1004.7346097720897,19.16210745140434,2010
2018-06-30,27.196043926143496,426.4812748671569,95.0,10.279684378355828,1011.4337210591663,24.196297177808344,2010
2018-07-31,30.9137178060549,124.11009566105547,65.3756072107415,13.16156348903203,1018.7695045280791,26.00397618011614,2010
2018-08-31,31.53137855018082,38.77942692360628,54.836865577250784,14.763415555526938,1016.6933140296248,26.944521654137972,2010
2018-09-30,23.108116082926543,33.06880273998388,48.61778181977831,20.324020214092872,1018.5639581525478,22.39140798704659,2010
2018-10-31,15.932755216430026,37.82040016483363,42.37802508875392,16.125727787888334,1012.9079573275174,15.3759150163468,2010
2018-11-30,7.615481707667299,50.85569404535616,46.32154064984007,17.832555790120637,1019.8118684385183,7.9235528802021005,2010
2018-12-31,1.7962744418307448,64.27019012105124,54.70553293382302,14.403623320198946,1013.0691018018696,3.3401170527092496,2010
2019-01-31,2.570140327489894,73.22491073887274,61.24977699713667,12.76851832693981,1015.4116259974381,4.782102330969092,2010
2019-02-28,2.313026679704189,116.07423746756976,77.23176317340929,11.074045116691865,1006.2698660909472,4.380717687847056,2010
2019-03-31,9.45082901304549,111.72224258698716,80.81197459091997,13.308159845523047,1004.1857361275039,9.621142801997141,2010
2019-04-30,16.36950490942634,132.7939142182343,81.20047896718734,8.555670136972513,997.0146321493044,15.178451881332611,2010
2019-05-31,25.527347761343645,119.59414197461429,78.68344705426448,38.37287830507763,996.3293511657265,21.237999424724542,2010
2019-06-30,30.997258163662238,84.8197997320878,75.74550759884777,10.767474564482885,1017.6185926083253,25.44579809087464,2010
2019-07-31,34.22962457888326,118.9715807376247,72.70352085720383,12.221139164270117,1012.9609195478264,29.242241842487807,2010
2019-08-31,30.030511369198376,380.50150755461556,88.36531888887028,44.9197577624646,1018.3330199807455,25.517780947081786,2010
2019-09-30,24.993357418879523,86.67130051103624,51.241209989692564,17.170032185573664,1014.6769135995469,22.46354916257591,2010
2019-10-31,16.481343338727054,69.25508620469634,46.803212199611856,16.125670735266752,1024.6866458136708,15.342818466026145,2010
2019-11-30,9.790730897872217,50.8669918414537,49.942314254229075,15.526940294745883,1022.7117730801679,9.21436520350227,2010
2019-12-31,5.4958167736990164,70.31215714242076,55.9551807444934,16.506424849264867,1012.2945769908491,6.5272121865563,2010
2020-01-31,-10.212273556523412,337.476411654198,85.11293580620531,12.897728011364245,1007.0080283763288,-6.504405073662668,2020
2020-02-29,3.340056735497474,90.09311228248427,75.79972971443733,10.26792091042339,1004.6417597290117,6.325326490809203,2020
2020-03-31,11.351474271881282,102.71080741764834,83.4929916947596,9.120919863934388,1005.2336242669298,11.390173256675391,2020
2020-04-30,19.375264442885094,121.27944745979293,85.53312799450417,10.054927924860802,1005.1376183490345,16.251725964681732,2020
2020-05-31,25.221853283623584,99.21165837067399,75.8294445152005,9.180546366340673,1005.5646927368435,23.633894707074532,2020
2020-06-30,32.63688856636365,75.15121653301989,69.29667906493871,11.364498063879237,1014.7934190617193,27.602991649925123,2020
2020-07-31,36.539193341089764,46.863883255458134,55.30457105783476,12.259523428970635,1008.7238268606307,30.45156508024768,2020
2020-08-31,35.67700147036923,45.027358714456,57.98152921754967,15.773918462410055,1010.8641437485591,32.2565504983302,2020
2020-09-30,20.725544030177065,8.821479851671489,43.011504666096776,16.223923496497154,1019.2249946358307,18.857104550378104,2020
2020-10-31,17.80362064367227,32.15451313826083,51.40457826180405,17.972184473981038,1011.8297148097341,16.803509320702208,2020
2020-11-30,8.707272421561886,38.22548041125719,52.88642161566666,18.768739022115888,1022.7008722043101,9.552266029947228,2020
2020-12-31,1.825060422842138,39.19894568998111,49.89748541403053,15.891678128199647,1016.782640396455,3.295256565283468,2020
2021-01-31,0.005326636348863989,63.51218290641232,60.41359072212718,12.701236822475538,1010.6014764621171,1.546337092930035,2020
2021-02-28,-0.38698355121052996,77.27592738870726,72.8126449711629,10.590739632609772,1006.3227448930137,1.363007195081384,2020
2021-03-31,10.192026865862013,99.10350251793427,73.82289175776769,9.329169666723837,1009.9111275321825,11.440714516084839,2020
2021-04-30,13.979754770589977,103.27126116110978,80.19744108033726,8.359738364415955,1008.6789341211371,13.34683385903743,2020
2021-05-31,21.24786234565067,88.25835171404354,76.38613709646832,8.935660479350581,1004.1269745146947,20.04862190829345,2020
2021-06-30,27.499757590854202,94.12402452505046,78.64960370581885,13.127888273635488,1011.2447237474186,23.938649970900563,2020
2021-07-31,29.021227829187662,45.50178901907914,61.21624154145036,12.971396541483221,1016.6015745314235,24.612675401475137,2020
2021-08-31,26.548931728803936,18.459648887469726,49.67397849471973,15.145384964865864,1017.9611959429383,22.085372203948708,2020
2021-09-30,19.505065907654732,5.3257093220641565,41.82935577152363,17.26714954148677,1018.1832855395393,18.122455274247017,2020
2021-10-31,13.911098864266028,9.274008514594541,44.79047529312912,17.78150668486307,1022.187088537453,14.484157554142403,2020
2021-11-30,8.584145509716588,1.0995853593235947,41.80967621262525,15.603609804972807,1014.0128626082213,8.158538001176069,2020
2021-12-31,-6.689052865239626,44.57148325417194,52.985836163136064,17.56212322781259,1016.634463031655,-2.940544237281285,2020
2022-01-31,0.888883541028767,78.19363744041306,62.08083549298674,12.390391882069947,1011.112146499647,1.610614260278413,2020
2022-02-28,-0.0839329312091629,109.00858042068533,70.02639451793954,12.567992840277842,1006.3272922514033,1.4882963133831566,2020
2022-03-31,4.894046140984175,83.7019942078847,74.54992852192007,11.498612223560084,996.7146546733703,6.129586341086978,2020
2022-04-30,13.920768958009248,99.87735463197487,79.65857932413202,10.509827297741854,999.1363167984935,11.753979897871076,2020
2022-05-31,21.944084813776318,129.04347568893897,81.28102867345399,10.26603708613894,1002.9154707972456,19.540849248837546,2020
2022-06-30,29.25707045709847,478.51377365868836,95.0,10.029433518653656,1012.7471866439345,24.736295986945063,2020
2022-07-31,27.35897621698129,93.85391422684017,65.29330797082294,12.893747963251313,1013.6999507853533,24.37098835417565,2020
2022-08-31,30.45537765993979,44.21596339305806,51.62951465410408,15.856926177480146,1020.9680471660652,26.231981614229007,2020
2022-09-30,22.70074422570036,84.978258061763,55.72811055472147,16.444355260864484,1025.4112886607945,20.91214659613436,2020
2022-10-31,15.052114702691643,26.36419091923149,46.65296376785605,19.982566770374422,1021.9139068373586,13.818013132757462,2020
2022-11-30,6.910357203643839,53.95827127771547,48.172016141350085,16.20276032189941,1019.8958739873807,6.438382147051464,2020
2022-12-31,0.6675568079472916,69.4704197912888,56.38102024582464,14.694962648592472,1011.4000763128705,1.344477381528821,2020
2023-01-31,2.557115571538726,76.69632935260805,62.72387719393048,12.618486214894121,1022.1972452117556,2.5184848543846057,2020
2023-02-28,3.589994455688613,114.89399782746966,66.62875844517521,10.809273509457734,1001.1735111229309,5.378361830638882,2020
2023-03-31,7.145652147610239,129.24804651481907,82.14578484116608,10.166098520227258,1005.9270412848412,9.762706453503387,2020
2023-04-30,14.707444086403658,130.4684310363281,85.13211183708175,10.455269740420082,1008.4244116843936,14.114145778871032,2020
2023-05-31,23.673173921232134,106.30635242838159,74.95076223073485,10.708680438192502,1009.5647439166405,22.276176642589178,2020
2023-06-30,32.15389156636659,86.96955816574128,73.86222578496402,13.297582596583462,1002.4826563996553,28.62997188572449,2020
2023-07-31,31.2100701221468,68.61557093412061,62.186169375939826,16.341605379124484,1010.1574294301063,26.553387289818172,2020
2023-08-31,27.23196212377892,40.29140232529731,53.70858926635122,17.386498383242344,1012.2610131764486,24.79782248381564,2020
2023-09-30,23.483858765717237,64.19556282969688,48.842932711566206,15.502355948963169,1009.2806617120749,20.404227259363775,2020
2023-10-31,15.761813867103431,21.458335935714587,47.062955999280625,18.662990884237,1020.905105930947,14.242484798052057,2020
2023-11-30,4.410015241754045,32.76930799497906,47.12880074306772,15.93149866838007,1015.5924410638905,5.361138332654188,2020
2023-12-31,2.638539708130737,60.920819082878914,57.7622013784438,14.285266619844688,1023.7785688309641,3.9818733486428854,2020
